ID_Estacion;Nombre_Estacion;Direccion;ID_Linea;ID_Provincia
1;16 DE JULIO;Montevideo 1377;2;2
2;20 DE SEPTIEMBRE;Colon 512;6;17
3;25 DE MAYO;Colon 512;2;2
4;30 DE AGOSTO;Rivadavia 678;5;2
5;4 DE NOVIEMBRE;Colon 512;6;2
6;9 DE JULIO;San Martin 123;5;2
7;AARON CASTELLANOS;Sarmiento 34;3;3
8;ABBOTT;Cabildo 555;2;2
9;ABRA GRANDE;Mitre 89;4;5
10;ABRA PAMPA;Independencia 45;4;16
11;ACEBAL;Sarmiento 34;1;3
12;ADELA;Cordoba 210;2;2
13;ADOLFO GONZALES CHAVES;Independencia 45;2;2
14;ADOLFO VAN PRAET;Sarmiento 34;5;9
15;AGUADA CECILIO;Colon 512;2;10
16;AGUADA DE GUERRA;Independencia 45;2;10
17;AGUARA;Independencia 45;2;2
18;AGUARAY;Sarmiento 34;4;15
19;AGUSTIN MOSCONI;Cabildo 555;2;2
20;AGUSTONI;Belgrano 45;5;9
21;ALAGON;Cabildo 555;5;2
22;ALAMOS;San Martin 123;2;2
23;ALBARELLOS;Belgrano 45;4;3
24;ALBARIÑO;Independencia 45;5;2
25;ALBERDI;Rivadavia 678;3;2
26;ALBERTI;Colon 512;5;2
27;ALDAO;Mitre 89;1;3
28;ALEGRE;San Martin 123;2;2
29;ALEJANDRO KORN;Colon 512;2;2
30;ALEJANDRO ROCA;Mitre 89;1;4
31;ALEJO LEDESMA;Montevideo 1377;1;4
32;ALEM;Independencia 45;3;2
33;ALFREDO PEÑA;Rivadavia 678;5;9
34;ALGARROBO;Colon 512;2;2
35;ALGARROBO;Uruguay 1345;2;2
36;ALLEN;Belgrano 45;2;10
37;ALLEN;Rivadavia 678;2;10
38;ALMIRANTE SOLIER;Belgrano 45;2;2
39;ALPACHIRI;Mitre 89;2;9
40;ALSINA;Uruguay 1345;1;2
41;ALTA CORDOBA;Cabildo 555;4;4
42;ALTA ITALIA;Uruguay 1345;5;9
43;ALTA VISTA;Colon 512;2;2
44;ALTAMIRANO;Independencia 45;2;2
45;ALTO DE SIERRA;Colon 512;4;8
46;ALTO PELADO;Colon 512;3;6
47;ALTO PENCOSO;Uruguay 1345;3;6
48;ALTO VERDE;Cordoba 210;3;7
49;ALTONA;Uruguay 1345;2;2
50;ALVAREZ;Colon 512;1;3
51;ALVEAR;Mitre 89;6;18
52;ALZAGA;Cabildo 555;2;2
53;AMEGHINO;Colon 512;5;2
54;AMERICA;Uruguay 1345;5;2
55;ANDINO;Sarmiento 34;1;3
56;ANGACO SUD;Sarmiento 34;4;8
57;ANGEL GALLARDO;Rivadavia 678;4;3
58;ANGUIL;Belgrano 45;5;9
59;ANTONIO CARBONI;San Martin 123;2;2
60;ANTONIO PINI;Mitre 89;4;3
61;ANZOATEGUI;Cabildo 555;2;9
62;AÑATUYA;Rivadavia 678;4;5
63;AP. RIO SALADO;Cordoba 210;2;2
64;APARICIO;Montevideo 1377;2;2
65;APOLINARIO SARAVIA;Colon 512;4;15
66;APOSTOLES;Uruguay 1345;6;19
67;ARANGUREN;Independencia 45;6;17
68;ARAOZ;Montevideo 1377;1;12
69;ARATA;Sarmiento 34;5;9
70;ARBOLEDAS;Cabildo 555;2;2
71;ARBOLITO;Cabildo 555;1;2
72;ARDILES;Mitre 89;1;5
73;ARENAL;Cabildo 555;4;15
74;ARENAZA;San Martin 123;5;2
75;ARGENTINA;Cabildo 555;1;5
76;ARGERICH;Mitre 89;2;2
77;ARIAS;Uruguay 1345;1;4
78;ARIZONA;Independencia 45;5;6
79;ARMSTRONG;Cordoba 210;1;3
80;AROCENA;Uruguay 1345;4;3
81;AROMOS;Uruguay 1345;4;3
82;ARRECIFES;Mitre 89;1;2
83;ARROYITO;Independencia 45;4;4
84;ARROYO AGUIAR;Mitre 89;4;3
85;ARROYO CLE;Independencia 45;6;17
86;ARROYO CORTO;Uruguay 1345;2;2
87;ARROYO DE LA CRUZ;Montevideo 1377;4;2
88;ARROYO DEL MEDIO;Belgrano 45;1;2
89;ARROYO SECO;Colon 512;1;3
90;ARROYO URQUIZA;Cordoba 210;6;17
91;ARROYO VENADO;Rivadavia 678;2;2
92;ARRUFO;Cordoba 210;1;3
93;ARTURO VATTEONE;Independencia 45;5;2
94;ATAHONA;Colon 512;4;12
95;ATALIVA;Belgrano 45;4;3
96;ATREUCO;Sarmiento 34;5;9
97;ATUCHA;Colon 512;1;2
98;AURELIA;Sarmiento 34;1;3
99;AURELIA NORTE;Cabildo 555;4;3
100;AVELLANEDA;Independencia 45;4;4
101;AVERIAS;San Martin 123;4;5
102;AVESTRUZ;Belgrano 45;2;2
103;AVIA TERAI;Cordoba 210;4;20
104;AYACUCHO;Independencia 45;2;2
105;AZOPARDO;Cabildo 555;2;2
106;AZUL;Belgrano 45;2;2
107;BAGUAL;Rivadavia 678;5;6
108;BAHIA BLANCA;Mitre 89;2;2
109;BAHIA BLANCA;Cabildo 555;2;2
110;BAIBIENE;San Martin 123;6;18
111;BAIGORRITA;Belgrano 45;3;2
112;BAJO GRANDE;Belgrano 45;4;15
113;BAJO HONDO;San Martin 123;2;2
114;BAJO HONDO - F.C.R.P.B.;San Martin 123;2;2
115;BALCARCE;Cordoba 210;2;2
116;BALDE;Sarmiento 34;3;6
117;BALLESTEROS;Belgrano 45;1;4
118;BALSA;San Martin 123;5;2
119;BANDERA;Independencia 45;4;5
120;BANDERALO;Belgrano 45;5;2
121;BARADERO;Montevideo 1377;1;2
122;BARRANCAS;Sarmiento 34;4;3
123;BARROW;Mitre 89;2;2
124;BARTOLOME DE LAS CASAS;Rivadavia 678;4;21
125;BASAVILBASO;Colon 512;6;17
126;BATAVIA;San Martin 123;3;6
127;BAYAUCA;Cabildo 555;5;2
128;BAZAN;Uruguay 1345;4;13
129;BEAZLEY;Belgrano 45;3;6
130;BELEN DE ESCOBAR;Belgrano 45;1;2
131;BELL VILLE;Independencia 45;1;4
132;BELLA VISTA;Cabildo 555;4;12
133;BELTRAN;San Martin 123;1;5
134;BENGOLEA;Belgrano 45;1;4
135;BENITEZ;Sarmiento 34;5;2
136;BENITO JUAREZ;Montevideo 1377;2;2
137;BENITO LEGEREN;San Martin 123;6;17
138;BENJAMIN GOULD;Cabildo 555;1;4
139;BENJAMIN PAZ;Colon 512;4;12
140;BENJAMIN ZORRILLA;Mitre 89;2;10
141;BERABEVU;Rivadavia 678;1;3
142;BERDUC;Colon 512;6;17
143;BERMEJO;Belgrano 45;4;8
144;BERMUDEZ;Cordoba 210;3;2
145;BERNARDO DE IRIGOYEN;Independencia 45;1;3
146;BERNARDO LARROUDE;Rivadavia 678;5;9
147;BERUTTI;San Martin 123;5;2
148;BETANIA;Independencia 45;4;15
149;BETBEDER;Montevideo 1377;6;17
150;BLANCA GRANDE;Uruguay 1345;2;2
151;BLANDENGUES;Cabildo 555;3;2
152;BLAQUIER;Independencia 45;3;2
153;BOCAYUVA;Sarmiento 34;5;2
154;BOEUF;Mitre 89;5;9
155;BOLIVAR;Cordoba 210;2;2
156;BONPLAND;Cordoba 210;6;18
157;BOSCH;Rivadavia 678;2;2
158;BOWEN;Uruguay 1345;5;7
159;BRAGADO;Montevideo 1377;5;2
160;BRANDSEN;Montevideo 1377;2;2
161;BUENA ESPERANZA;Cabildo 555;3;6
162;CABAL;San Martin 123;4;3
163;CABEZA DE BUEY;Uruguay 1345;4;15
164;CABILDO;Cordoba 210;2;2
165;CACHARI;Colon 512;2;2
166;CACUI;Belgrano 45;4;20
167;CADETES DE CHILE;Colon 512;3;7
168;CAIMANCITO;Belgrano 45;4;16
169;CALABACILLA;Independencia 45;6;17
170;CALCHAQUI;Uruguay 1345;4;3
171;CALDENADAS;Cordoba 210;3;6
172;CALDERON;Sarmiento 34;2;2
173;CALEUFU;Colon 512;5;9
174;CALILEGUA;San Martin 123;4;16
175;CALVO;Cabildo 555;2;2
176;CAMBACERES;Rivadavia 678;5;2
177;CAMET;Uruguay 1345;2;2
178;CAMPANA;Rivadavia 678;1;2
179;CAMPICHUELO;Uruguay 1345;4;15
180;CAMPO GARAY;Belgrano 45;4;3
181;CAMPO LARGO;Rivadavia 678;4;20
182;CAMPS;Belgrano 45;6;17
183;CANALEJAS;Sarmiento 34;5;7
184;CANALS;Independencia 45;1;4
185;CANGALLO;San Martin 123;2;2
186;CAÑADA DE GOMEZ;Rivadavia 678;1;3
187;CAÑADA DEL UCLE;San Martin 123;1;3
188;CAÑADA HONDA;Mitre 89;3;8
189;CAÑADA OMBU;Independencia 45;4;3
190;CAÑADA ROSQUIN;Montevideo 1377;4;3
191;CAÑADA SECA;Montevideo 1377;3;2
192;CAÑUELAS;Uruguay 1345;2;2
193;CAPAYAN;Independencia 45;4;14
194;CAPDEVILLE;Independencia 45;3;7
195;CAPILLA DE ROMERO;Uruguay 1345;3;4
196;CAPILLA DEL SEÑOR;Uruguay 1345;1;2
197;CAPILLA DEL SEÑOR;Independencia 45;6;2
198;CAPITAN BERMUDEZ;Independencia 45;4;3
199;CAPITAN JUAN PAGE;San Martin 123;4;15
200;CAPITAN MONTOYA;Uruguay 1345;5;7
201;CAPITAN SARMIENTO;Rivadavia 678;1;2
202;CAPIVARA;Sarmiento 34;4;3
203;CARCARAÑA;San Martin 123;1;3
204;CARDENAL CAGLIERO;Montevideo 1377;2;2
205;CARHUE;Cordoba 210;2;2
206;CARHUE;Cabildo 555;5;2
207;CARLOS CASARES;Mitre 89;5;2
208;CARLOS LEMEE;Uruguay 1345;4;2
209;CARLOS MARIA NAON;Rivadavia 678;5;2
210;CARLOS SALAS;Montevideo 1377;5;2
211;CARLOS TEJEDOR;Cordoba 210;5;2
212;CARMEN;Mitre 89;1;3
213;CARMEN DE ARECO;Cabildo 555;6;2
214;CARMEN DE PATAGONES;Sarmiento 34;2;2
215;CARMEN DE PATAGONES;Colon 512;2;2
216;CAROYA;Colon 512;4;4
217;CARPINTERIA;Sarmiento 34;3;8
218;CARRIZALES;Uruguay 1345;1;3
219;CASALEGNO;Cabildo 555;1;3
220;CASARES;Belgrano 45;1;5
221;CASAS;Uruguay 1345;4;3
222;CASCADA;Mitre 89;2;2
223;CASEROS;Belgrano 45;6;17
224;CASTELLI;Uruguay 1345;2;2
225;CASTILLA;Independencia 45;3;2
226;CASTRO BARROS;San Martin 123;4;13
227;CATRILO;Montevideo 1377;5;9
228;CAUCETE;Mitre 89;4;8
229;CAYASTACITO;Montevideo 1377;4;3
230;CAZA PAVA;Cabildo 555;6;18
231;CAZADOR;Cabildo 555;3;6
232;CAZON;Independencia 45;2;2
233;CEBALLOS;Sarmiento 34;5;9
234;CEBOLLAR;Montevideo 1377;4;13
235;CEIBALITO;Cabildo 555;4;15
236;CENTENO;Sarmiento 34;4;3
237;CEREALES;Cordoba 210;5;9
238;CERES;Colon 512;1;3
239;CERRITO;Colon 512;5;2
240;CERVANTES;Independencia 45;2;10
241;CHACABUCO;Cordoba 210;3;2
242;CHAGUARAL;Cabildo 555;4;15
243;CHAJARI;Rivadavia 678;6;17
244;CHALANTA;Mitre 89;3;6
245;CHALICAN;Montevideo 1377;4;16
246;CHALLACO;Rivadavia 678;2;11
247;CHAMAICO;Independencia 45;5;9
248;CHAMICAL;Rivadavia 678;4;13
249;CHANCAY;Independencia 45;5;2
250;CHAÑAR;Belgrano 45;4;13
251;CHAÑAR LADEADO;Cordoba 210;1;3
252;CHAÑAR MUYO;Montevideo 1377;4;15
253;CHAPADMALAL;Independencia 45;2;2
254;CHAPALEOFU;San Martin 123;2;2
255;CHARADAI;San Martin 123;4;20
256;CHARATA;Uruguay 1345;4;20
257;CHARRAS;Cordoba 210;1;4
258;CHAS;Sarmiento 34;2;2
259;CHASCOMUS;Rivadavia 678;2;2
260;CHAUPI POZO;Cordoba 210;1;5
261;CHAVARRIA;Mitre 89;6;18
262;CHAZON;Independencia 45;1;4
263;CHELFORO;Uruguay 1345;2;10
264;CHENAUT;Cabildo 555;4;2
265;CHEPES;Montevideo 1377;4;13
266;CHICHINALES;Montevideo 1377;2;10
267;CHICLANA;Uruguay 1345;5;2
268;CHILLAR;Cabildo 555;2;2
269;CHIMPAY;Cabildo 555;2;10
270;CHIMPAY;Independencia 45;2;10
271;CHIVILCOY;Mitre 89;5;2
272;CHOELE CHOEL;Sarmiento 34;2;10
273;CHOROMORO;Sarmiento 34;4;12
274;CHOROTIS;Belgrano 45;4;20
275;CHORROARIN;Independencia 45;4;15
276;CHOSMES;Colon 512;3;6
277;CHUCUL;Mitre 89;1;4
278;CHUMBICHA;Cabildo 555;4;14
279;CHUÑA;Cordoba 210;4;4
280;CINCO CHAÑARES;Mitre 89;2;10
281;CIPOLLETTI;Rivadavia 678;2;10
282;CIPOLLETTI;Cordoba 210;2;10
283;CLASON;Cordoba 210;4;3
284;CLAUDIO MOLINA;Rivadavia 678;2;2
285;CLEMENTE ONELLI;San Martin 123;2;10
286;CLODOMIRA;Belgrano 45;4;5
287;CLODOMIRO LEDESMA;Cabildo 555;6;17
288;CMDTE. NICANOR OTAMENDI;San Martin 123;2;2
289;CNEL. EUGENIO DEL BUSTO;Independencia 45;2;10
290;CNEL. HILARIO LAGOS;Mitre 89;5;9
291;COBO;Colon 512;2;2
292;COLIQUEO;Montevideo 1377;3;2
293;COLMENA;Sarmiento 34;4;3
294;COLOMBRES;Cabildo 555;4;12
295;COLON;Independencia 45;1;2
296;COLONIA ALVEAR;Montevideo 1377;5;7
297;COLONIA BARON;Mitre 89;5;9
298;COLONIA CALZADA;Rivadavia 678;3;6
299;COLONIA DORA;Mitre 89;1;5
300;COLONIA HINOJO;Independencia 45;2;2
301;COLONIA SERE;Sarmiento 34;5;2
302;COLONIA VELAZ;Sarmiento 34;4;2
303;COMALLO;Rivadavia 678;2;10
304;COMALLO;Cordoba 210;2;10
305;COMANDANTE FONTANA;Belgrano 45;4;21
306;COMANDANTE LEAL;Mitre 89;4;13
307;CONCARAN;Mitre 89;3;6
308;CONCEPCION DEL BERMEJO;Uruguay 1345;4;20
309;CONCEPCION DEL URUGUAY;Rivadavia 678;6;17
310;CONCORDIA;Uruguay 1345;6;17
311;CONDARCO;Belgrano 45;5;2
312;CONHELO;Sarmiento 34;5;9
313;CONLARA;Montevideo 1377;3;4
314;CONSTANZA;Mitre 89;4;3
315;CONSTITUCION;Colon 512;2;1
316;CONSTITUYENTES;Sarmiento 34;4;3
317;CORAZZI;Belgrano 45;5;2
318;CORDOBA;Rivadavia 678;1;4
319;CORONDA;Montevideo 1377;4;3
320;CORONEL AGUIRRE;Uruguay 1345;1;3
321;CORONEL ALZOGARAY;Independencia 45;3;6
322;CORONEL BELISLE;Colon 512;2;10
323;CORONEL BOERR;Rivadavia 678;2;2
324;CORONEL BOGADO;San Martin 123;4;3
325;CORONEL CHARLONE;Independencia 45;3;2
326;CORONEL CORNEJO;Independencia 45;4;15
327;CORONEL DORREGO;Montevideo 1377;2;2
328;CORONEL FALCON;Cabildo 555;2;2
329;CORONEL GRANADA;Mitre 89;5;2
330;CORONEL JUAN SOLA;Cabildo 555;4;15
331;CORONEL MARTINEZ DE HOZ;Colon 512;5;2
332;CORONEL MOLLINEDO;Sarmiento 34;4;15
333;CORONEL MOM;Belgrano 45;5;2
334;CORONEL PRINGLES;Cordoba 210;2;2
335;CORONEL RODOLFO BUNGE;San Martin 123;2;2
336;CORONEL SEGUI;Rivadavia 678;5;2
337;CORONEL SUAREZ;Sarmiento 34;2;2
338;CORONEL VIDAL;Mitre 89;2;2
339;CORRAL DE BUSTOS;Mitre 89;1;4
340;CORRAL DE LORCA;Sarmiento 34;3;7
341;CORREA;Belgrano 45;1;3
342;CORRIENTES;Rivadavia 678;6;18
343;CORTI;Mitre 89;2;2
344;CORZUELA;San Martin 123;4;20
345;COTE-LAI;Belgrano 45;4;20
346;CRAMER;Montevideo 1377;3;6
347;CRESPO;Rivadavia 678;6;17
348;CROTTO;Montevideo 1377;2;2
349;CRUZ DEL EJE;Sarmiento 34;4;4
350;CUAY GRANDE;Montevideo 1377;6;18
351;CUCHA CUCHA;Rivadavia 678;3;2
352;CUCHILLA REDONDA;Cabildo 555;6;17
353;CUCULLU;Colon 512;6;2
354;CURA MALAL;Colon 512;2;2
355;CURAPALIGÜE;Independencia 45;3;4
356;CURUPAITY;Rivadavia 678;1;3
357;CURUZU CUATIA;Independencia 45;6;18
358;CUTRAL-CO;Colon 512;2;11
359;CUTRAL-CO;Uruguay 1345;2;11
360;DAIREAUX;Uruguay 1345;2;2
361;DAMIAN MAISONNAVE;Uruguay 1345;5;9
362;DARREGUEIRA;San Martin 123;2;2
363;DARWIN;Montevideo 1377;2;10
364;DARWIN;Cabildo 555;2;10
365;DE BARY;Uruguay 1345;5;2
366;DE LA CANAL;Cordoba 210;2;2
367;DE LA GARMA;Belgrano 45;2;2
368;DEAN FUNES;Belgrano 45;4;4
369;DEL CARRIL;Cabildo 555;2;2
370;DEL VALLE;San Martin 123;2;2
371;DENNEHY;Independencia 45;5;2
372;DESAGUADERO;Cabildo 555;3;7
373;DESIDERIO TELLO;Colon 512;4;13
374;DESVIO ARIJON;Cabildo 555;4;3
375;DESVIO LA PALOMA;Colon 512;4;5
376;DEVOTO;Mitre 89;4;4
377;DIAZ;Montevideo 1377;1;3
378;DIEGO DE ALVEAR;Mitre 89;3;3
379;DIEGO GAYNOR;Montevideo 1377;1;2
380;DIVISADERO DE PINAMAR;Uruguay 1345;2;2
381;DIXONVILLE;Independencia 45;3;6
382;DOBLAS;Colon 512;5;9
383;DOLORES;Cabildo 555;2;2
384;DOMSELAAR;Uruguay 1345;2;2
385;DONADO;Cordoba 210;3;6
386;DONOVAN;Cordoba 210;3;6
387;DORILA;San Martin 123;5;9
388;DOYLE;Cordoba 210;4;2
389;DR. DOMINGO HAROSTEGUY;Cordoba 210;2;2
390;DR. ROGELIO CORTIZO;Cordoba 210;2;10
391;DRABBLE;Montevideo 1377;5;2
392;DRAGONES;Uruguay 1345;4;15
393;DUCOS;Colon 512;2;2
394;DUFAUR;Cabildo 555;2;2
395;DUGGAN;Belgrano 45;1;2
396;DUHAU;San Martin 123;5;2
397;DURAÑONA;Belgrano 45;2;2
398;DURHAM;Cabildo 555;1;3
399;DUSSAUD;Belgrano 45;5;2
400;EDUARDO CASTEX;Cordoba 210;5;9
401;EDUARDO COSTA;Sarmiento 34;5;2
402;EGAÑA;Rivadavia 678;2;2
403;EL BORDO;Cabildo 555;4;15
404;EL CABURE;Rivadavia 678;4;5
405;EL CADILLAL;Rivadavia 678;4;12
406;EL CHACHO;Cordoba 210;4;4
407;EL CHARCO;Colon 512;1;5
408;EL DIA;Belgrano 45;3;2
409;EL DIVISORIO;Uruguay 1345;2;2
410;EL DORADO;Sarmiento 34;3;2
411;EL FUERTECITO;Cabildo 555;4;4
412;EL GALPON;Rivadavia 678;4;15
413;EL LENGUARAZ;Uruguay 1345;2;2
414;EL MORO;Uruguay 1345;2;2
415;EL PARAISO;Belgrano 45;1;2
416;EL PENSAMIENTO;Sarmiento 34;2;2
417;EL QUEBRACHAL;Independencia 45;4;15
418;EL QUEMADO;Uruguay 1345;4;16
419;EL SOCORRO;San Martin 123;1;2
420;EL SOMBRERO;San Martin 123;6;18
421;EL TALA;Montevideo 1377;4;15
422;EL TEJAR;Cordoba 210;5;2
423;EL TIO;Montevideo 1377;4;4
424;EL TRIUNFO;San Martin 123;5;2
425;EL TUNAL;San Martin 123;4;15
426;EL ZORRO;Uruguay 1345;2;2
427;ELEODORO LOBOS;Belgrano 45;3;6
428;ELORTONDO;Cordoba 210;1;3
429;ELVIRA;Belgrano 45;2;2
430;EMBAJADOR MARTINI;Montevideo 1377;5;9
431;EMBARCACION;Colon 512;4;15
432;EMILIA;Belgrano 45;4;3
433;EMILIO AYARZA;Independencia 45;5;2
434;EMILIO LAMARCA;Sarmiento 34;2;2
435;EMILIO V. BUNGE;Cordoba 210;3;2
436;EMMA;Mitre 89;2;2
437;EMPALME LOBOS;Cabildo 555;2;2
438;EMPALME SAN CARLOS;Sarmiento 34;4;3
439;EMPALME VILLA CONSTITUCION;Sarmiento 34;1;3
440;EMPEDRADO;Cabildo 555;6;18
441;ENCINA;Montevideo 1377;5;2
442;ENRIQUE CARBO;Sarmiento 34;6;17
443;ERIZE;Mitre 89;2;2
444;ERNESTINA;Rivadavia 678;2;2
445;ESCALADA;San Martin 123;6;2
446;ESCRIÑA;Mitre 89;6;17
447;ESMERALDA;San Martin 123;4;3
448;ESPARTILLAR;Sarmiento 34;2;2
449;ESPERANZA;Colon 512;4;3
450;ESPIGAS;Colon 512;2;2
451;ESPIN;Independencia 45;4;3
452;EST. BRAZO LARGO;Rivadavia 678;6;17
453;EST. EL GAUCHO;Mitre 89;4;3
454;EST. GRAL. SAN MARTIN;Cordoba 210;6;17
455;EST. NUEVO ALBERDI;Colon 512;4;3
456;EST. ROSARIO OESTE;Sarmiento 34;4;3
457;ESTACION LIBERTAD;Uruguay 1345;6;18
458;ESTANISLAO DEL CAMPO;Independencia 45;4;21
459;ESTEBAN DE URIZAR;Rivadavia 678;4;15
460;ESTEBAN RAMS;San Martin 123;4;3
461;ESTECO;Cordoba 210;4;15
462;ESTOMBA;Rivadavia 678;2;2
463;ETCHEGOYEN;Cordoba 210;6;2
464;FAIR;Cabildo 555;2;2
465;FATIMA;Belgrano 45;6;2
466;FATRALO;Uruguay 1345;5;2
467;FAUSTINO M. PARERA;Belgrano 45;6;17
468;FEDERACION;San Martin 123;6;17
469;FEDERICO LACROZE;Independencia 45;6;1
470;FELIPE YOFRE;Cordoba 210;6;18
471;FERNANDEZ;Cabildo 555;1;5
472;FIRMAT;Independencia 45;1;3
473;FONTEZUELA;Montevideo 1377;1;2
474;FORMOSA;Cabildo 555;4;21
475;FORRES;Independencia 45;1;5
476;FORTIN ATAHUALPA;Colon 512;4;3
477;FORTIN CARDOZO;Cordoba 210;4;20
478;FORTIN INCA;Uruguay 1345;4;5
479;FORTIN LAS CHUÑAS;Belgrano 45;4;20
480;FORTIN LOBOS;Colon 512;2;2
481;FORTIN UNO;Cordoba 210;2;10
482;FORTIN VIGILANCIA;Belgrano 45;5;2
483;FORTUNA;Belgrano 45;5;6
484;FRAGA;San Martin 123;3;6
485;FRAILE PINTADO;Cabildo 555;4;16
486;FRANCISCO MADERO;Cabildo 555;5;2
487;FRANKLIN;Montevideo 1377;3;2
488;FRAY LUIS BELTRAN;Uruguay 1345;3;7
489;FRENCH;Belgrano 45;5;2
490;FRIAS;Independencia 45;4;5
491;FRONTERA;Rivadavia 678;4;3
492;FULTON;Cordoba 210;2;2
493;GAHAN;San Martin 123;6;2
494;GALVEZ;San Martin 123;1;3
495;GANCEDO;Sarmiento 34;4;20
496;GANDARA;Belgrano 45;2;2
497;GAONA;San Martin 123;4;15
498;GARABATO;Cabildo 555;4;3
499;GARCIA DEL RIO;Belgrano 45;2;2
500;GARDEY;Sarmiento 34;2;2
501;GARUPA;Montevideo 1377;6;19
502;GARZA;Uruguay 1345;1;5
503;GASPAR CAMPOS;Uruguay 1345;3;7
504;GAVIOTAS;Montevideo 1377;2;9
505;GENERAL ALVEAR;Cordoba 210;2;2
506;GENERAL ALVEAR;Cabildo 555;5;7
507;GENERAL BALLIVIAN;Cabildo 555;4;15
508;GENERAL BELGRANO;Mitre 89;2;2
509;GENERAL CAMPOS;Mitre 89;6;17
510;GENERAL CAPDEVILA;Mitre 89;4;20
511;GENERAL DANIEL CERRI;Cordoba 210;2;2
512;GENERAL DONOVAN;Mitre 89;4;20
513;GENERAL FERNANDEZ ORO;San Martin 123;2;10
514;GENERAL GALARZA;Cabildo 555;6;17
515;GENERAL GÜEMES;Montevideo 1377;4;15
516;GENERAL GUIDO;San Martin 123;2;2
517;GENERAL GUTIERREZ;Montevideo 1377;3;7
518;GENERAL L. VINTTER;Rivadavia 678;2;10
519;GENERAL LAMADRID;Independencia 45;2;2
520;GENERAL LEVALLE;Belgrano 45;3;4
521;GENERAL LIBORIO BERNAL;Independencia 45;2;10
522;GENERAL MADARIAGA;Colon 512;2;2
523;GENERAL MANUEL J. CAMPOS;Cordoba 210;2;9
524;GENERAL MOSCONI;San Martin 123;4;15
525;GENERAL N. H. PALACIOS;Cabildo 555;2;10
526;GENERAL OBLIGADO;Rivadavia 678;4;20
527;GENERAL O'BRIEN;Mitre 89;5;2
528;GENERAL PAUNERO;Colon 512;3;4
529;GENERAL PAZ;Sarmiento 34;4;4
530;GENERAL PICO;San Martin 123;5;9
531;GENERAL PINEDO;Colon 512;4;20
532;GENERAL PINTO;Rivadavia 678;5;2
533;GENERAL PIRAN;Cordoba 210;2;2
534;GENERAL PIZARRO;Montevideo 1377;4;15
535;GENERAL RACEDO;Cordoba 210;6;17
536;GENERAL RAMIREZ;San Martin 123;6;17
537;GENERAL ROCA;Sarmiento 34;1;4
538;GENERAL ROCA;San Martin 123;2;10
539;GENERAL ROCA;Belgrano 45;2;10
540;GENERAL SOLER;Cordoba 210;3;4
541;GENERAL VILLEGAS;Independencia 45;5;2
542;GERMANIA;Uruguay 1345;3;2
543;GILBERT;Sarmiento 34;6;17
544;GIRARDET;Montevideo 1377;4;5
545;GOBERNADOR CANDIOTI;Montevideo 1377;4;3
546;GOBERNADOR CASTRO;San Martin 123;1;2
547;GOBERNADOR CRESPO;Colon 512;4;3
548;GOBERNADOR DOMINGUEZ;Independencia 45;6;17
549;GOBERNADOR ECHAGÜE;Belgrano 45;6;17
550;GOBERNADOR MANSILLA;San Martin 123;6;17
551;GOBERNADOR SOLA;Cordoba 210;6;17
552;GOBERNADOR VIRASORO;Colon 512;6;18
553;GOLONDRINA;Uruguay 1345;4;3
554;GONDRA;Mitre 89;3;2
555;GONZALEZ CALDERON;Uruguay 1345;6;17
556;GONZALEZ MORENO;Cabildo 555;5;2
557;GORCHS;San Martin 123;2;2
558;GORGONTA;Rivadavia 678;3;6
559;GOROSTIAGA;Cordoba 210;5;2
560;GOUDGE;Rivadavia 678;5;7
561;GOYENA;Uruguay 1345;2;2
562;GRACIARENA;Independencia 45;5;2
563;GRAMILLA;Sarmiento 34;1;5
564;GRAN GUARDIA;Colon 512;4;21
565;GREGORIA PEREZ DE DENIS;Independencia 45;4;3
566;GREGORIO VILLAFAÑE;Cabildo 555;3;2
567;GRÜNBEIN;Mitre 89;2;2
568;GUADALUPE;Belgrano 45;4;3
569;GUALEGUAY;Colon 512;6;17
570;GUAMINI;Belgrano 45;2;2
571;GUANACACHE;Cordoba 210;3;8
572;GUARDIA ESCOLTA;Cabildo 555;4;5
573;GUATRACHE;Rivadavia 678;2;9
574;GUAVIRAVI;Sarmiento 34;6;18
575;GUAYCURU;Rivadavia 678;4;3
576;GUERRERO;Colon 512;2;2
577;GUIDO SPANO;Mitre 89;6;2
578;GUIÑAZU;Cordoba 210;4;4
579;GÜNTHER;Colon 512;3;2
580;HALE;Belgrano 45;2;2
581;HEAVY;Montevideo 1377;6;2
582;HEREFORD;Cabildo 555;5;2
583;HERMOSO CAMPO;Mitre 89;4;20
584;HERNANDEZ;Cabildo 555;6;17
585;HERRERA;Sarmiento 34;1;5
586;HERSILIA;Sarmiento 34;1;3
587;HICKMANN;Colon 512;4;15
588;HIDALGO;Cordoba 210;5;9
589;HILARIO ASCASUBI;Rivadavia 678;2;2
590;HIPOLITO BOUCHARD;San Martin 123;3;4
591;HORCONES;San Martin 123;4;15
592;HUACALERA;Sarmiento 34;4;16
593;HUANGUELEN;Belgrano 45;2;2
594;HUANQUEROS;Cabildo 555;4;3
595;HUASCHA;Mitre 89;4;4
596;HUEJADA;Uruguay 1345;3;6
597;HUELEN;Cordoba 210;5;9
598;HUETEL;Independencia 45;2;2
599;HUILLAPIMA;San Martin 123;4;14
600;HUINCA RENANCO;Sarmiento 34;3;4
601;HUMAHUACA;Uruguay 1345;4;16
602;HUMBERTO 1º;Rivadavia 678;4;3
603;HUMBOLDT SUR;Uruguay 1345;4;3
604;HUNTER;Cordoba 210;6;2
605;HURITU HUASI;Cabildo 555;4;5
606;HUYAMAMPA;Cordoba 210;4;5
607;IBARLUCEA;Uruguay 1345;4;3
608;IBARRETA;San Martin 123;4;21
609;ICAÑO;Cordoba 210;1;5
610;IGARZABAL;Mitre 89;2;2
611;INDIO RICO;Sarmiento 34;2;2
612;ING. LUIS A. HUERGO;Cabildo 555;2;10
613;INGENIERO BALLOFFET;Mitre 89;5;7
614;INGENIERO FOSTER;Cabildo 555;5;9
615;INGENIERO GIAGNONI;Mitre 89;3;7
616;INGENIERO JACOBACCI;Belgrano 45;2;10
617;INGENIERO JACOBACCI;Rivadavia 678;2;10
618;INGENIERO JUAREZ;Rivadavia 678;4;21
619;INGENIERO LUIGGI;Cabildo 555;5;9
620;INGENIERO MONETA;Rivadavia 678;4;2
621;INGENIERO THOMPSON;Sarmiento 34;5;2
622;INTENDENTE ALVEAR;Mitre 89;5;9
623;INTIYACO;Colon 512;4;3
624;INVERNADAS;Sarmiento 34;2;2
625;IRALA;Independencia 45;3;2
626;IRAOLA;Rivadavia 678;2;2
627;IRAZUSTA;San Martin 123;6;17
628;IRENE;Uruguay 1345;2;2
629;IRENEO PORTELA;Belgrano 45;4;2
630;IRIARTE;Cordoba 210;3;2
631;IRIONDO;Cabildo 555;4;3
632;ISCA YACU;Colon 512;4;5
633;ISLA VERDE;Sarmiento 34;1;4
634;ISLAS;Uruguay 1345;2;2
635;ISTHILART;Independencia 45;6;17
636;ITALO;Rivadavia 678;3;4
637;ITIN;Sarmiento 34;4;20
638;ITURBE;Montevideo 1377;4;16
639;ITURREGUI;Montevideo 1377;2;2
640;J.M. MICHEO;Rivadavia 678;2;2
641;JAIME PETER;Rivadavia 678;4;4
642;JAMES CRAIK;Sarmiento 34;1;4
643;JARILLA;Montevideo 1377;3;6
644;JEANMAIRE;Sarmiento 34;4;4
645;JEPPENER;Cabildo 555;2;2
646;JERONIMO MATORRAS;Belgrano 45;4;15
647;JESUS MARIA;Uruguay 1345;4;4
648;JOAQUIN V. GONZALEZ;Belgrano 45;4;15
649;JOCOLI;San Martin 123;3;7
650;JOSE A. GUISASOLA;Cabildo 555;2;2
651;JOSE B. CASAS;Uruguay 1345;2;2
652;JOSE SANTOS AREVALO;Independencia 45;2;2
653;JUAN A. PRADERE;Cordoba 210;2;2
654;JUAN ANCHORENA;Uruguay 1345;1;2
655;JUAN B. MOLINA;Cabildo 555;4;3
656;JUAN DE GARAY;San Martin 123;2;10
657;JUAN E. BARRA;Rivadavia 678;2;2
658;JUAN F. IBARRA;Mitre 89;2;2
659;JUAN G. BAZAN;Colon 512;4;21
660;JUAN G. PUJOL;Montevideo 1377;4;2
661;JUAN GEZ;Rivadavia 678;3;6
662;JUAN JORGE;Sarmiento 34;6;17
663;JUAN JOSE CASTELLI;San Martin 123;4;20
664;JUAN JOSE PASO;Independencia 45;5;2
665;JUAN LLERENA;San Martin 123;3;6
666;JUAN PUJOL;Mitre 89;6;18
667;JUAREZ CELMAN;Mitre 89;4;4
668;JUBILEO;Rivadavia 678;6;17
669;JUNIN;Uruguay 1345;3;2
670;JUSTO DARACT;Uruguay 1345;3;6
671;KM 173;Belgrano 45;6;18
672;KM 468;San Martin 123;4;3
673;KM 855;Uruguay 1345;4;20
674;KM 884;Cabildo 555;4;20
675;KM. 581;Uruguay 1345;4;4
676;KM. 691;Colon 512;4;4
677;KRABBE;Uruguay 1345;2;2
678;LA AURORA;Rivadavia 678;4;5
679;LA BANDA;Rivadavia 678;1;5
680;LA BARRANCOSA;Belgrano 45;2;2
681;LA BEBA;Uruguay 1345;6;2
682;LA CABRAL;Montevideo 1377;4;3
683;LA CAÑADA;Independencia 45;4;5
684;LA CARLOTA;Rivadavia 678;1;4
685;LA CAUTIVA;Rivadavia 678;3;4
686;LA COLINA;Cordoba 210;2;2
687;LA CONSTANCIA;Belgrano 45;2;2
688;LA COSTA;San Martin 123;3;6
689;LA CRIOLLA;Colon 512;4;3
690;LA CRIOLLA;Cabildo 555;6;17
691;LA CRUZ;Colon 512;6;18
692;LA DELFINA;Montevideo 1377;5;2
693;LA DORITA;Cordoba 210;5;2
694;LA DORMIDA;San Martin 123;3;7
695;LA ESCONDIDA;Cordoba 210;4;20
696;LA ESTRELLA;San Martin 123;4;15
697;LA FRANCIA;Colon 512;4;4
698;LA GILDA;Uruguay 1345;1;4
699;LA GLORIA;Independencia 45;5;9
700;LA INTERMEDIA;Belgrano 45;4;16
701;LA INVENCIBLE;Rivadavia 678;6;2
702;LA LARGA;Montevideo 1377;2;2
703;LA LIMPIA;Mitre 89;5;2
704;LA LUCILA;Mitre 89;4;3
705;LA LUISA;Cordoba 210;1;2
706;LA MADRID;Mitre 89;4;12
707;LA MANUELA;Cabildo 555;2;2
708;LA MAROMA;Mitre 89;5;6
709;LA MARUJA;Montevideo 1377;5;9
710;LA MASCOTA;Sarmiento 34;2;2
711;LA MENDIETA;Sarmiento 34;4;16
712;LA MORA;Colon 512;5;7
713;LA NACIONAL;Montevideo 1377;3;4
714;LA NORIA;Montevideo 1377;2;2
715;LA OLLA;Rivadavia 678;4;4
716;LA ORIENTAL;Colon 512;3;2
717;LA PAZ;Independencia 45;3;7
718;LA PORTEÑA;Cordoba 210;5;2
719;LA QUIACA;Cordoba 210;4;16
720;LA RINCONADA;Colon 512;3;8
721;LA RIOJA;Colon 512;4;13
722;LA RUBIA;Mitre 89;1;3
723;LA SABANA;Independencia 45;4;20
724;LA SEÑA;Montevideo 1377;3;6
725;LA SORTIJA;Mitre 89;2;2
726;LA TOMA;Belgrano 45;3;6
727;LA TRINIDAD;Montevideo 1377;6;2
728;LA VIOLETA;Uruguay 1345;4;2
729;LA VITICOLA;Cordoba 210;2;2
730;LA ZANJA;Cordoba 210;5;2
731;LABARDEN;Montevideo 1377;2;2
732;LABORDE;Montevideo 1377;1;4
733;LABORDEBOY;Belgrano 45;1;3
734;LABOUGLE;Sarmiento 34;6;18
735;LABOULAYE;Cabildo 555;3;4
736;LAGO EPECUEN;Montevideo 1377;5;2
737;LAGUNA ALSINA;Independencia 45;2;2
738;LAGUNA BLANCA;San Martin 123;4;20
739;LAGUNA LARGA;Cabildo 555;1;4
740;LAGUNA PAIVA;Colon 512;4;3
741;LAGUNA YEMA;Mitre 89;4;21
742;LAPACHITO;Rivadavia 678;4;20
743;LAPLACETTE;Rivadavia 678;3;2
744;LAPRIDA;Mitre 89;2;2
745;LARGUIA;Rivadavia 678;4;3
746;LARRECHEA;Belgrano 45;1;3
747;LARROQUE;Independencia 45;6;17
748;LARTIGAU;Montevideo 1377;2;2
749;LAS ACEQUIAS;Sarmiento 34;1;4
750;LAS ARMAS;Rivadavia 678;2;2
751;LAS AVISPAS;Independencia 45;4;3
752;LAS BANDURRIAS;Colon 512;4;3
753;LAS BREÑAS;Cabildo 555;4;20
754;LAS CATITAS;Belgrano 45;3;7
755;LAS CEJAS;Uruguay 1345;4;12
756;LAS DELICIAS;Mitre 89;6;17
757;LAS FLORES;San Martin 123;2;2
758;LAS HERMANAS;Sarmiento 34;2;2
759;LAS HIGUERAS;Sarmiento 34;1;4
760;LAS ISLETAS;Belgrano 45;3;6
761;LAS LAJITAS;Cordoba 210;4;15
762;LAS LOMITAS;Uruguay 1345;4;21
763;LAS MARTINETAS;Rivadavia 678;2;2
764;LAS MOSCAS;Cabildo 555;6;17
765;LAS MOSTAZAS;Colon 512;2;2
766;LAS NUTRIAS;Colon 512;2;2
767;LAS PALMAS;Mitre 89;1;2
768;LAS PALMERAS;San Martin 123;1;3
769;LAS TOSCAS;Uruguay 1345;5;2
770;LAS VAQUERIAS;Cordoba 210;2;2
771;LASTRA;San Martin 123;2;2
772;LAVAISSE;San Martin 123;3;6
773;LAVALLE;Belgrano 45;4;5
774;LAZO;Montevideo 1377;6;17
775;LEGUIZAMON;Uruguay 1345;3;4
776;LEHMANN;San Martin 123;4;3
777;LEIVA;Rivadavia 678;4;3
778;LEON;Independencia 45;4;16
779;LEONES;Uruguay 1345;1;4
780;LERTORA;Cabildo 555;5;2
781;LEUBUCO;Uruguay 1345;5;2
782;LEZAMA;Sarmiento 34;2;2
783;LIBANO;Belgrano 45;2;2
784;LIBAROS;Uruguay 1345;6;17
785;LIBERTADOR GENERAL SAN MARTIN;Independencia 45;4;16
786;LIBORIO LUNA;Independencia 45;3;6
787;LICENCIADO MATIENZO;Colon 512;2;2
788;LIMA;Sarmiento 34;1;2
789;LINCOLN;Independencia 45;5;2
790;LLAJTA MAUCA;Sarmiento 34;4;5
791;LLAMBI CAMPBELL;Independencia 45;4;3
792;LOBERIA;Montevideo 1377;2;2
793;LOBOS;Sarmiento 34;2;2
794;LOGROÑO;Rivadavia 678;4;3
795;LONQUIMAY;Cabildo 555;5;9
796;LOPEZ;Belgrano 45;1;3
797;LOPEZ;Uruguay 1345;2;2
798;LOS ALFALFARES;Uruguay 1345;3;4
799;LOS AMORES;Cabildo 555;4;3
800;LOS BLANCOS;Independencia 45;4;15
801;LOS CHAÑARITOS;Belgrano 45;4;4
802;LOS CHIRIGUANOS;Cordoba 210;4;21
803;LOS CISNES;Cordoba 210;1;4
804;LOS FRENTONES;Cabildo 555;4;20
805;LOS MATACOS;Cordoba 210;4;21
806;LOS MENUCOS;Independencia 45;2;10
807;LOS MENUCOS;San Martin 123;2;10
808;LOS PINOS;Mitre 89;2;2
809;LOS PIRPINTOS;Belgrano 45;4;5
810;LOS POZOS;San Martin 123;4;4
811;LOS QUIRQUINCHOS;Belgrano 45;1;3
812;LOS RALOS;Montevideo 1377;4;12
813;LOS TABANOS;Montevideo 1377;4;3
814;LOS TIGRES;Cordoba 210;4;5
815;LOS TOLDOS;Uruguay 1345;5;2
816;LOUGE;Independencia 45;2;2
817;LOVENTUEL;Montevideo 1377;5;9
818;LUAN TORO;Uruguay 1345;5;9
819;LUCAS GONZALEZ;Sarmiento 34;6;17
820;LUCIO V. MANSILLA;Sarmiento 34;4;4
821;LUCIO VICENTE LOPEZ;Independencia 45;4;3
822;LUGONES;Colon 512;1;5
823;LUIS BURELA;Uruguay 1345;4;15
824;LUIS PALACIOS;Cabildo 555;4;3
825;LUJAN;Independencia 45;5;2
826;LUMBRERAS;Sarmiento 34;4;15
827;MACACHIN;Mitre 89;5;9
828;MACAPILLO;Cabildo 555;4;15
829;MACHAGAI;Sarmiento 34;4;20
830;MACIEL;Cordoba 210;4;3
831;MAGGIOLO;Colon 512;1;3
832;MAIMARA;Cordoba 210;4;16
833;MAIPU;Belgrano 45;2;2
834;MAKALLE;Belgrano 45;4;20
835;MALBRAN;Independencia 45;1;5
836;MALVINAS ARGENTINAS;Montevideo 1377;4;4
837;MANCHA BLANCA;Sarmiento 34;2;10
838;MANFREDI;Montevideo 1377;1;4
839;MANUEL DERQUI;Independencia 45;6;18
840;MANUEL ELORDI;Sarmiento 34;4;15
841;MANUEL GARCIA FERNANDEZ;Independencia 45;4;12
842;MANUEL J. GARCIA;Belgrano 45;5;2
843;MANUEL OCAMPO;Independencia 45;1;2
844;MAPIS;Montevideo 1377;2;2
845;MAQUINCHAO;San Martin 123;2;10
846;MAQUINCHAO;Belgrano 45;2;10
847;MAQUINISTA LEVET;Sarmiento 34;3;7
848;MAQUINISTA VERON;Mitre 89;4;16
849;MAR DEL PLATA;Montevideo 1377;2;2
850;MAR DEL PLATA CARGAS;Cabildo 555;2;2
851;MARAYES;San Martin 123;4;8
852;MARCELINO ESCALADA;Mitre 89;4;3
853;MARCOS JUAREZ;Colon 512;1;4
854;MARGARITA;Cabildo 555;4;3
855;MARI LAUQUEN;Mitre 89;5;2
856;MARIA EUGENIA;Cordoba 210;4;3
857;MARIA IGNACIA VELA;Colon 512;2;2
858;MARIANO BOEDO;Montevideo 1377;4;21
859;MARIANO H. ALFONZO;Montevideo 1377;1;2
860;MARIANO I. LOZA;Belgrano 45;6;18
861;MARIANO ROLDAN;Belgrano 45;2;2
862;MARIANO SAAVEDRA;Cordoba 210;1;3
863;MARIANO UNZUE;Rivadavia 678;2;2
864;MARTIN BERRAONDO;Sarmiento 34;2;2
865;MARTIN COLMAN;Cabildo 555;2;2
866;MARTINEZ DEL TINEO;Independencia 45;4;15
867;MASCASIN;Independencia 45;4;13
868;MASSEY;San Martin 123;5;2
869;MATARA;Colon 512;4;5
870;MATILDE;Rivadavia 678;1;3
871;MAURICIO MAYER;Sarmiento 34;5;9
872;MAXIMO FERNANDEZ;Sarmiento 34;5;2
873;MAYOR BURATOVICH;Rivadavia 678;2;2
874;MAYOR BURATOVICH;Cordoba 210;2;2
875;MECHITA;Uruguay 1345;5;2
876;MEDANOS;Sarmiento 34;2;2
877;MEDANOS;Colon 512;2;2
878;MEDANOS;Mitre 89;6;17
879;MELERO;Mitre 89;4;5
880;MELINCUE;Rivadavia 678;1;3
881;MEMBRILLAR;Mitre 89;3;2
882;MENDOZA;Cabildo 555;3;7
883;MERCEDES;San Martin 123;5;2
884;MERCEDES;Colon 512;3;2
885;MERCEDES;Rivadavia 678;6;18
886;METAN;Rivadavia 678;4;15
887;METILEO;Belgrano 45;5;9
888;MICAELA CASCALLARES;Colon 512;2;2
889;MIGUEL CANE;Uruguay 1345;5;9
890;MIGUEL ESCALADA;Cabildo 555;4;3
891;MIGUEL RIGLOS;Rivadavia 678;5;9
892;MILAGRO;Sarmiento 34;4;13
893;MINISTRO RAMOS MEXIA;Cabildo 555;2;10
894;MIRAFLORES;Belgrano 45;4;14
895;MIRAMAR;Belgrano 45;2;2
896;MIRAMONTE;Sarmiento 34;2;2
897;MIRANDA;Independencia 45;2;2
898;MOCORETA;Cordoba 210;6;18
899;MOJOTORO;San Martin 123;4;15
900;MONASTERIO;Mitre 89;2;2
901;MONIGOTES;Belgrano 45;1;3
902;MONJE;Mitre 89;4;3
903;MONSALVO;Mitre 89;2;2
904;MONTE CASEROS;Colon 512;6;18
905;MONTE COMAN;San Martin 123;5;7
906;MONTE CRISTO;Uruguay 1345;4;4
907;MONTE FLORES;Cordoba 210;4;3
908;MONTE LEÑA;Cabildo 555;1;4
909;MONTE MAIZ;Colon 512;1;4
910;MONTE NIEVAS;Rivadavia 678;5;9
911;MONTE QUEMADO;Mitre 89;4;5
912;MONTE VERA;Cordoba 210;4;3
913;MONTEAGUDO;Sarmiento 34;4;12
914;MONTES DE OCA;Uruguay 1345;2;2
915;MOORES;Cabildo 555;5;2
916;MORRISON;San Martin 123;1;4
917;MORSE;San Martin 123;3;2
918;MOSMOTA;Mitre 89;3;6
919;MUÑOZ;San Martin 123;2;2
920;NAHUEL MAPA;Belgrano 45;3;6
921;NAHUEL NIYEU;Uruguay 1345;2;10
922;NAPALEOFU;Mitre 89;2;2
923;NAPENAY;Mitre 89;4;20
924;NAPOSTA;Rivadavia 678;2;2
925;NARE;Independencia 45;4;3
926;NASALO;Rivadavia 678;4;5
927;NASCHEL;Rivadavia 678;3;6
928;NAVIA;Cordoba 210;3;6
929;NELSON;Cordoba 210;4;3
930;NEUQUEN;Cordoba 210;2;11
931;NEUQUEN;Mitre 89;2;11
932;NEWTON;Colon 512;2;2
933;NICOLAS DESCALZI;Colon 512;2;2
934;NICOLAS HERRERA;San Martin 123;6;17
935;NICOLAS LEVALLE;Colon 512;2;2
936;NIEVES;Cabildo 555;2;2
937;NIRIHUAU;Rivadavia 678;2;10
938;NOGOYA;Uruguay 1345;6;17
939;NORBERTO DE LA RIESTRA;Mitre 89;2;2
940;NUESTRA SEÑORA DE TALAVERA;Montevideo 1377;4;15
941;NUEVA ESCOCIA;Rivadavia 678;3;6
942;NUEVA GALIA;San Martin 123;5;6
943;NUEVA LEHMANN;Uruguay 1345;1;3
944;NUEVO LEON;Belgrano 45;2;10
945;ÑANDUCITA;Sarmiento 34;4;3
946;OGILVIE;Independencia 45;4;3
947;O'HIGGINS;Sarmiento 34;3;2
948;OJEDA;Colon 512;5;9
949;OLAETA;Rivadavia 678;1;4
950;OLASCOAGA;Cabildo 555;5;2
951;OLAVARRIA;Cabildo 555;2;2
952;OLEGARIO VICTOR ANDRADE;Mitre 89;6;17
953;OLIVA;Colon 512;1;4
954;OLIVEROS;Rivadavia 678;4;3
955;OLMOS;Belgrano 45;1;4
956;OMBU;Rivadavia 678;2;2
957;OMBUCTA;San Martin 123;2;2
958;ONAGOITY;Belgrano 45;3;4
959;ONCATIVO;Uruguay 1345;1;4
960;ONCE;Cabildo 555;5;1
961;ORO VERDE;Uruguay 1345;6;17
962;OSVALDO MAGNASCO;Montevideo 1377;6;17
963;OTOÑO;San Martin 123;2;2
964;OVEJERIA;Colon 512;3;7
965;PADRE LOZANO;Sarmiento 34;4;15
966;PADRE P. ITURRALDE - KM 421;Montevideo 1377;4;3
967;PALACIOS;Independencia 45;1;3
968;PALEMON HUERGO;San Martin 123;5;2
969;PALMIRA;Colon 512;3;7
970;PALO NEGRO;Montevideo 1377;1;5
971;PALO SANTO;Mitre 89;4;21
972;PALOMITAS;Colon 512;4;15
973;PALPALA;Colon 512;4;16
974;PAMPA BLANCA;Cordoba 210;4;16
975;PAMPA DE LOS GUANACOS;San Martin 123;4;5
976;PAMPA DEL CIELO;Montevideo 1377;4;20
977;PAMPA DEL INFIERNO;Montevideo 1377;4;20
978;PAMPA DEL TIGRE;Mitre 89;3;7
979;PAMPA FLORIDA;Colon 512;4;20
980;PAMPA MAYO;San Martin 123;4;5
981;PARADA ACUÑA;Cabildo 555;6;18
982;PARADA KM. 181;Montevideo 1377;6;18
983;PARADA PUCHETA;Rivadavia 678;6;18
984;PARAGÜIL;Colon 512;2;2
985;PARAJE FALKNER;Montevideo 1377;2;10
986;PARAJE KM 282;Belgrano 45;4;3
987;PARAJE KM 302;Cordoba 210;4;3
988;PARAJE KM 320;Mitre 89;4;3
989;PARAJE KM. 501;Belgrano 45;4;3
990;PARANA;Montevideo 1377;6;17
991;PARDO;Mitre 89;2;2
992;PARISH;Uruguay 1345;2;2
993;PARRAVICINI;Independencia 45;2;2
994;PASCANAS;Cabildo 555;1;4
995;PASMAN;Cordoba 210;2;2
996;PASO DE LOS LIBRES;Cordoba 210;6;18
997;PASO MAYOR;Independencia 45;2;2
998;PASO VIEJO;Montevideo 1377;4;4
999;PASTEUR;Uruguay 1345;5;2
1000;PASTOR BRITOS;Rivadavia 678;6;17
1001;PATQUIA;Mitre 89;4;13
1002;PAULA;Colon 512;2;2
1003;PAVON ARRIBA;Mitre 89;1;3
1004;PAZOS KANKI;Cordoba 210;5;2
1005;PEDERNAL;Montevideo 1377;6;17
1006;PEDERNALES;Cordoba 210;2;2
1007;PEDRO E. VIVAS;Cordoba 210;4;4
1008;PEDRO GOMEZ CELLO;Montevideo 1377;4;3
1009;PEDRO LASALLE;Cordoba 210;2;2
1010;PEDRO LURO;Cordoba 210;2;2
1011;PEDRO LURO;Mitre 89;2;2
1012;PEDRO R. FERNANDEZ;Sarmiento 34;6;18
1013;PEDRO VARGAS;Colon 512;5;7
1014;PEHUAJO;Montevideo 1377;5;2
1015;PELLEGRINI;Colon 512;5;2
1016;PERALTA;Independencia 45;2;2
1017;PEREZ MILLAN;Colon 512;4;2
1018;PERGAMINO;Cabildo 555;1;2
1019;PERICO;Sarmiento 34;4;16
1020;PERITO MORENO;Belgrano 45;2;10
1021;PERKINS;Belgrano 45;3;2
1022;PETRONILA;Belgrano 45;4;3
1023;PEYRANO;Rivadavia 678;1;3
1024;PICHANAL;Mitre 89;4;15
1025;PICHI HUINCA;Uruguay 1345;5;9
1026;PICHI MAHUIDA;Rivadavia 678;2;10
1027;PICHINCHA;Cabildo 555;3;2
1028;PIE DE PALO;Cordoba 210;4;8
1029;PIEDRITAS;Rivadavia 678;3;2
1030;PIERES;Cabildo 555;2;2
1031;PIGÜE;Uruguay 1345;2;2
1032;PILAR;Independencia 45;1;4
1033;PILAR;Sarmiento 34;3;2
1034;PILAR;Montevideo 1377;4;3
1035;PILAR;San Martin 123;6;2
1036;PILCANIYEU;Cordoba 210;2;10
1037;PILCANIYEU;Mitre 89;2;10
1038;PILLAHUINCO;Mitre 89;2;2
1039;PINCEN;Cordoba 210;3;4
1040;PINDAPOY;Independencia 45;6;19
1041;PINO DE SAN LORENZO;San Martin 123;4;3
1042;PINTO;San Martin 123;1;5
1043;PIQUETE CABADO;Rivadavia 678;4;15
1044;PIQUILLIN;Sarmiento 34;4;4
1045;PIQUIRENDA;Mitre 89;4;15
1046;PIRANE;Sarmiento 34;4;21
1047;PIRGUITA;Uruguay 1345;3;7
1048;PIROVANO;Colon 512;2;2
1049;PLAZA HUINCUL;Sarmiento 34;2;11
1050;PLAZA HUINCUL;Colon 512;2;11
1051;PLAZA MONTERO;Montevideo 1377;2;2
1052;PLOTTIER;Belgrano 45;2;11
1053;PLUMA DE PATO;Montevideo 1377;4;15
1054;POCITO;Uruguay 1345;3;8
1055;PONTAUT;Rivadavia 678;2;2
1056;POSADAS;Cabildo 555;6;19
1057;POURTALE;Independencia 45;2;2
1058;POZO BORRADO;Sarmiento 34;4;3
1059;POZO DEL INDIO;Independencia 45;4;20
1060;POZO DEL MORTERO;Sarmiento 34;4;21
1061;POZO DEL TIGRE;Cabildo 555;4;21
1062;POZO DULCE;Montevideo 1377;4;5
1063;POZO HONDO;Sarmiento 34;4;5
1064;PRADERE;San Martin 123;5;2
1065;PRESIDENCIA DE LA PLAZA;Mitre 89;4;20
1066;PRESIDENCIA ROQUE SAENZ PEÑA;Sarmiento 34;4;20
1067;PRIMERA JUNTA;Belgrano 45;5;2
1068;PUAN;Sarmiento 34;2;2
1069;PUERTO TIROL;Independencia 45;4;20
1070;PUESTO DEL MARQUES;San Martin 123;4;16
1071;PUMAHUASI;Rivadavia 678;4;16
1072;PUNA;Independencia 45;4;5
1073;PUNI TAJO;Cordoba 210;4;5
1074;PUNTA ALTA;Rivadavia 678;2;2
1075;PUNTA DE LOS LLANOS;Cordoba 210;4;13
1076;PURMAMARCA;Rivadavia 678;4;16
1077;PYÑEIRO;Mitre 89;2;2
1078;QUEMU QUEMU;Rivadavia 678;5;9
1079;QUENUMA;Cabildo 555;5;2
1080;QUEQUEN;Independencia 45;2;2
1081;QUETREQUEN;Montevideo 1377;5;9
1082;QUILCO;Cabildo 555;2;2
1083;QUILINO;Cordoba 210;4;4
1084;QUIMILI;Cabildo 555;4;5
1085;QUIRNO COSTA;Colon 512;5;2
1086;QUIROGA;Sarmiento 34;5;2
1087;QUIROS;Cabildo 555;4;14
1088;QUITILIPI;Colon 512;4;20
1089;RAFAELA;Colon 512;1;3
1090;RAFAELA;Independencia 45;4;3
1091;RAMA CAIDA;Sarmiento 34;5;7
1092;RAMAYON;Cordoba 210;4;3
1093;RAMBLON;Belgrano 45;3;8
1094;RAMON J. CARCANO;Rivadavia 678;1;4
1095;RAMON J. NEILD;Mitre 89;5;2
1096;RAMON M. CASTRO;Cordoba 210;2;11
1097;RAMOS OTERO;Belgrano 45;2;2
1098;RANCHILLOS;Cabildo 555;1;12
1099;RANCHOS;Belgrano 45;2;2
1100;RANCUL;Cabildo 555;5;9
1101;RANQUELES;Mitre 89;3;4
1102;RAUCH;Belgrano 45;2;2
1103;RAWSON;San Martin 123;3;2
1104;REAL DEL CADILLO;Cabildo 555;4;13
1105;REAL DEL PADRE;Independencia 45;5;7
1106;REAL SAYANA;Rivadavia 678;1;5
1107;REALICO;Colon 512;5;9
1108;RECALDE;Uruguay 1345;2;2
1109;RECREO;Rivadavia 678;4;3
1110;RECREO;Uruguay 1345;4;14
1111;RELMO;Montevideo 1377;5;9
1112;RESERVA;Montevideo 1377;2;2
1113;RESISTENCIA;Rivadavia 678;4;20
1114;RETAMITO;Rivadavia 678;3;8
1115;RETIRO BELGRANO;Sarmiento 34;4;1
1116;RETIRO MITRE;San Martin 123;1;1
1117;RETIRO SAN MARTIN;Mitre 89;3;1
1118;REYES;Montevideo 1377;4;16
1119;RIACHUELO;Belgrano 45;6;18
1120;RICARDO GAVIÑA;Independencia 45;2;2
1121;RIO COLORADO;Uruguay 1345;2;10
1122;RIO COLORADO;Montevideo 1377;2;10
1123;RIO COLORADO;Montevideo 1377;4;12
1124;RIO CUARTO;Montevideo 1377;1;4
1125;RIO DEL VALLE;Mitre 89;4;15
1126;RIO MUERTO;Independencia 45;4;20
1127;RIO PIEDRAS;Mitre 89;4;15
1128;RIO PRIMERO;Mitre 89;4;4
1129;RIO QUINTO;Independencia 45;3;6
1130;RIO SEGUNDO;San Martin 123;1;4
1131;RIO TALA;Cabildo 555;1;2
1132;RIO TAPENAGA;San Martin 123;4;20
1133;RIOBAMBA;San Martin 123;3;4
1134;RIVAS;Cabildo 555;3;2
1135;RIVERA;Belgrano 45;5;2
1136;ROBERTS;Belgrano 45;5;2
1137;ROCHA;Belgrano 45;2;2
1138;RODOLFO ISELIN;Belgrano 45;5;7
1139;ROJAS;Sarmiento 34;6;2
1140;ROLDAN;Cabildo 555;1;3
1141;ROLON;Rivadavia 678;5;9
1142;ROMAN BAEZ;Cabildo 555;5;2
1143;ROQUE PEREZ;Montevideo 1377;2;2
1144;ROSALES;Montevideo 1377;3;4
1145;ROSARIO DE LA FRONTERA;Independencia 45;4;15
1146;ROSARIO DEL TALA;Rivadavia 678;6;17
1147;ROSARIO NORTE;Montevideo 1377;1;3
1148;ROSAS;Uruguay 1345;2;2
1149;ROVERSI;Uruguay 1345;4;5
1150;RUCANELO;Colon 512;5;9
1151;RUFINO;Colon 512;3;3
1152;SAAVEDRA;Montevideo 1377;2;2
1153;SAFORCADA;Montevideo 1377;3;2
1154;SALADAS;Uruguay 1345;6;18
1155;SALADILLO;San Martin 123;2;2
1156;SALDUNGARAY;Belgrano 45;2;2
1157;SALLIQUELO;Colon 512;5;2
1158;SALTA;Belgrano 45;4;15
1159;SALTO;Belgrano 45;6;2
1160;SALTO ANDERSEN;Belgrano 45;2;10
1161;SALTO DE LAS ROSAS;Cordoba 210;5;7
1162;SALTO GRANDE;San Martin 123;4;3
1163;SALVADOR MARIA;Uruguay 1345;2;2
1164;SALVADOR MAZZA;Uruguay 1345;4;15
1165;SAN AGUSTIN;Cordoba 210;1;3
1166;SAN AGUSTIN;Sarmiento 34;2;2
1167;SAN AMBROSIO;Colon 512;1;4
1168;SAN ANDRES DE GILES;Uruguay 1345;6;2
1169;SAN ANTONIO;Montevideo 1377;4;14
1170;SAN ANTONIO DE ARECO;San Martin 123;1;2
1171;SAN ANTONIO OESTE;Uruguay 1345;2;10
1172;SAN ANTONIO OESTE;Montevideo 1377;2;10
1173;SAN BERNARDO;Sarmiento 34;2;2
1174;SAN BERNARDO;Colon 512;5;2
1175;SAN CARLOS DE BARILOCHE;Mitre 89;2;10
1176;SAN CARLOS DE BARILOCHE;Sarmiento 34;2;10
1177;SAN CRISTOBAL;Colon 512;4;3
1178;SAN CRISTOBAL;Colon 512;4;3
1179;SAN EMILIO;Colon 512;5;2
1180;SAN EUGENIO;San Martin 123;1;3
1181;SAN FABIAN;Colon 512;4;3
1182;SAN FERNANDO DEL VALLE DE CATAMARCA;Rivadavia 678;4;14
1183;SAN FRANCISCO F.C.G.B.;Cordoba 210;4;4
1184;SAN GENARO;Mitre 89;4;3
1185;SAN HILARIO;Uruguay 1345;4;21
1186;SAN IGNACIO;San Martin 123;2;2
1187;SAN JACINTO;Uruguay 1345;3;2
1188;SAN JERONIMO SUD;Independencia 45;1;3
1189;SAN JOSE;Mitre 89;6;17
1190;SAN JOSE DE LAS SALINAS;Mitre 89;4;4
1191;SAN JUAN;Cabildo 555;3;8
1192;SAN JUAN;Uruguay 1345;4;8
1193;SAN JUANCITO;Mitre 89;4;16
1194;SAN JUSTO;Sarmiento 34;4;3
1195;SAN LORENZO;Cordoba 210;1;3
1196;SAN LORENZO;Montevideo 1377;6;18
1197;SAN LUIS;Mitre 89;3;6
1198;SAN MANUEL;Sarmiento 34;2;2
1199;SAN MARCOS;Montevideo 1377;1;4
1200;SAN MARTIN;Sarmiento 34;3;7
1201;SAN MAURICIO;Montevideo 1377;5;2
1202;SAN MIGUEL DE TUCUMAN;Independencia 45;1;12
1203;SAN MIGUEL DE TUCUMAN F.C.G.B.;San Martin 123;4;12
1204;SAN MIGUEL DEL MONTE;Independencia 45;2;2
1205;SAN NICOLAS DE LOS ARROYOS;Mitre 89;1;2
1206;SAN PATRICIO;Belgrano 45;3;2
1207;SAN PEDRO;Independencia 45;1;2
1208;SAN PEDRO;Rivadavia 678;4;5
1209;SAN PEDRO DE JUJUY;Colon 512;4;16
1210;SAN RAFAEL;Montevideo 1377;5;7
1211;SAN ROMAN;Independencia 45;2;2
1212;SAN ROQUE;Colon 512;6;18
1213;SAN SALVADOR;Cordoba 210;6;17
1214;SAN SALVADOR DE JUJUY;Uruguay 1345;4;16
1215;SAN SEVERO;San Martin 123;1;4
1216;SANCHEZ;Cordoba 210;1;2
1217;SANCHEZ DE LORIA;Montevideo 1377;3;8
1218;SANSINENA;Rivadavia 678;5;2
1219;SANTA ANA;Belgrano 45;6;17
1220;SANTA CLARA DE BUENA VISTA;Rivadavia 678;1;3
1221;SANTA COLOMA;San Martin 123;4;2
1222;SANTA COLOMA;Rivadavia 678;6;2
1223;SANTA CRUZ;Uruguay 1345;4;13
1224;SANTA ELENA;Rivadavia 678;2;2
1225;SANTA ELEODORA;San Martin 123;3;2
1226;SANTA FE;Sarmiento 34;1;3
1227;SANTA FE;Belgrano 45;4;3
1228;SANTA INES;Mitre 89;5;2
1229;SANTA LUCIA;Mitre 89;4;2
1230;SANTA LUISA;San Martin 123;2;2
1231;SANTA MARGARITA;Cabildo 555;4;3
1232;SANTA REGINA;Cabildo 555;3;2
1233;SANTA ROSA;Rivadavia 678;5;9
1234;SANTA ROSA;Rivadavia 678;3;7
1235;SANTA ROSA DE CONLARA;Sarmiento 34;3;6
1236;SANTA TERESA;Cordoba 210;1;3
1237;SANTIAGO TEMPLE;Rivadavia 678;4;4
1238;SANTO DOMINGO;Rivadavia 678;2;2
1239;SANTO TOMAS;Sarmiento 34;5;2
1240;SANTO TOME;Sarmiento 34;6;18
1241;SANTO TOME F.C.G.B.;San Martin 123;4;3
1242;SANTO TOME F.C.G.M.;Mitre 89;1;3
1243;SANTURCE;Uruguay 1345;4;3
1244;SARAH;Cordoba 210;5;9
1245;SARASA;Cabildo 555;6;2
1246;SARMIENTO;Montevideo 1377;4;4
1247;SASTRE;Independencia 45;4;3
1248;SAUCE VIEJO;Independencia 45;4;3
1249;SAUCELITO;Mitre 89;4;15
1250;SCHNEIDEWIND;Cordoba 210;4;15
1251;SEGUROLA;Cordoba 210;2;2
1252;SELVA;Uruguay 1345;1;5
1253;SENDA HACHADA;Montevideo 1377;4;15
1254;SENILLOSA;Mitre 89;2;11
1255;SENILLOSA;Sarmiento 34;2;11
1256;SERODINO;Colon 512;1;3
1257;SERREZUELA;Independencia 45;4;4
1258;SEVIGNE;Montevideo 1377;2;2
1259;SHAW;Montevideo 1377;2;2
1260;SIERRA COLORADA;Cabildo 555;2;10
1261;SIERRA COLORADA;Independencia 45;2;10
1262;SIERRA DE LA VENTANA;San Martin 123;2;2
1263;SIERRA PEREYRA;Mitre 89;1;3
1264;SILVA;Sarmiento 34;4;3
1265;SIMOCA;Uruguay 1345;4;12
1266;SOLDINI;Uruguay 1345;1;3
1267;SOLIS;Cabildo 555;1;2
1268;STEGMANN;Cabildo 555;2;2
1269;STEPHENSON;Independencia 45;4;3
1270;STROEDER;Colon 512;2;2
1271;SUIPACHA;Rivadavia 678;5;2
1272;SUNCHALES;Montevideo 1377;1;3
1273;SUNCHO CORRAL;Montevideo 1377;4;5
1274;SUNDBLAD;Independencia 45;5;2
1275;TABAQUILLO;Colon 512;4;4
1276;TABOADA;Montevideo 1377;1;5
1277;TACANAS;Uruguay 1345;1;12
1278;TACAÑITAS;Belgrano 45;4;5
1279;TACO POZO;Colon 512;4;20
1280;TACO RALO;Cordoba 210;4;12
1281;TACURAL;Cabildo 555;1;3
1282;TAFI VIEJO;Belgrano 45;4;12
1283;TALAMUYUNA;Sarmiento 34;4;13
1284;TAMANGUEYU;Montevideo 1377;2;2
1285;TANDIL;Mitre 89;2;2
1286;TAPALQUE;Colon 512;2;2
1287;TAPEBICUA;Mitre 89;6;18
1288;TAPIA;Cordoba 210;4;12
1289;TAPSO;San Martin 123;4;5
1290;TARTAGAL;Belgrano 45;4;15
1291;TATAY;Independencia 45;6;2
1292;TELEN;Independencia 45;5;9
1293;TENIENTE BROWN;Montevideo 1377;4;21
1294;TENIENTE GRAL. FRAGA;Belgrano 45;4;21
1295;TENIENTE ORIGONE;Belgrano 45;2;2
1296;TEZANOS PINTO;Colon 512;6;17
1297;TILCARA;Mitre 89;4;16
1298;TILISARAO;Cordoba 210;3;6
1299;TILQUICHO;Colon 512;3;4
1300;TIMBUES;Belgrano 45;4;3
1301;TIMOTE;Rivadavia 678;5;2
1302;TIO PUJIO;Mitre 89;1;4
1303;TIUN PUNCO;Uruguay 1345;4;5
1304;TOAY;Cordoba 210;5;9
1305;TOBA;San Martin 123;4;3
1306;TOBANTIRENDA;Colon 512;4;15
1307;TOBAS;Belgrano 45;4;5
1308;TODD;Sarmiento 34;1;2
1309;TOLEDO;Belgrano 45;1;4
1310;TOLLOCHE;Uruguay 1345;4;15
1311;TOMAS M. DE ANCHORENA;Belgrano 45;5;9
1312;TORNQUIST;Independencia 45;2;2
1313;TORRENT;Uruguay 1345;6;18
1314;TORRES;Mitre 89;6;2
1315;TORTUGAS;Mitre 89;1;3
1316;TOSTADO;Cordoba 210;4;3
1317;TOTORALEJOS;Colon 512;4;4
1318;TOTORAS;Belgrano 45;4;3
1319;TRAIL;Cabildo 555;4;3
1320;TRANCAS;Uruguay 1345;4;12
1321;TRANSITO;San Martin 123;4;4
1322;TRAVESIA;Sarmiento 34;3;6
1323;TREBOLARES;Independencia 45;5;9
1324;TRENEL;Mitre 89;5;9
1325;TRENQUE LAUQUEN;Rivadavia 678;5;2
1326;TRES ALGARROBOS;Independencia 45;5;2
1327;TRES ARROYOS;Sarmiento 34;2;2
1328;TRES CRUCES;Cabildo 555;4;16
1329;TRES CUERVOS;Independencia 45;2;2
1330;TRES ISLETAS;Montevideo 1377;4;20
1331;TRES LAGUNAS;San Martin 123;5;2
1332;TRES LOMAS;Mitre 89;5;2
1333;TRES PICOS;San Martin 123;2;2
1334;TRILI;Belgrano 45;5;9
1335;TRIUNVIRATO;Mitre 89;3;2
1336;TUCLAME;Cabildo 555;4;4
1337;TUMBAYA;Belgrano 45;4;16
1338;UBAJAY;Uruguay 1345;6;17
1339;UCACHA;San Martin 123;1;4
1340;UNION;Cordoba 210;5;6
1341;UQUIA;Colon 512;4;16
1342;URDAMPILLETA;Sarmiento 34;2;2
1343;URDINARRAIN;Cordoba 210;6;17
1344;URIBELARREA;Montevideo 1377;2;2
1345;URIBURU;San Martin 123;5;9
1346;URUNDEL;Cordoba 210;4;15
1347;URUTAU;Sarmiento 34;4;5
1348;VAGUES;Independencia 45;1;2
1349;VALCHETA;Montevideo 1377;2;10
1350;VALCHETA;Cabildo 555;2;10
1351;VALDES;Montevideo 1377;2;2
1352;VALENTIN GOMEZ;San Martin 123;5;2
1353;VALLECITO;Rivadavia 678;4;8
1354;VALLIMANCA;Sarmiento 34;2;2
1355;VAZQUEZ;San Martin 123;2;2
1356;VEDIA;San Martin 123;3;2
1357;VENADO TUERTO;Sarmiento 34;1;3
1358;VENADOS GRANDES;Rivadavia 678;4;20
1359;VERA;Montevideo 1377;4;3
1360;VERA MUJICA;San Martin 123;4;3
1361;VERA Y PINTADO;Uruguay 1345;4;3
1362;VIBORAS;Montevideo 1377;2;2
1363;VICEALMIRANTE E. O'CONNOR;San Martin 123;2;10
1364;VICENTE A. ECHEVERRIA;Montevideo 1377;4;3
1365;VICTORIA;Colon 512;1;2
1366;VICTORICA;Cabildo 555;5;9
1367;VICUÑA MACKENNA;Mitre 89;3;4
1368;VIDELA;Mitre 89;4;3
1369;VIEDMA;Colon 512;2;10
1370;VIEDMA;Uruguay 1345;2;10
1371;VILELA;Belgrano 45;2;2
1372;VILELAS;San Martin 123;4;5
1373;VILLA AMELIA;Rivadavia 678;4;3
1374;VILLA CLARA;Belgrano 45;6;17
1375;VILLA DE SOTO;Uruguay 1345;4;4
1376;VILLA DOLORES;Cabildo 555;3;4
1377;VILLA FONTANA;Sarmiento 34;6;17
1378;VILLA GENERAL ARIAS;Cordoba 210;2;2
1379;VILLA GUTIERREZ;Cabildo 555;4;4
1380;VILLA HUIDOBRO;Colon 512;3;4
1381;VILLA LIA;Independencia 45;4;2
1382;VILLA MANTERO;Independencia 45;6;17
1383;VILLA MARIA;Cordoba 210;1;4
1384;VILLA MAZA;San Martin 123;5;2
1385;VILLA MERCEDES;Cabildo 555;3;6
1386;VILLA MINETTI;Uruguay 1345;4;3
1387;VILLA RAMALLO;Rivadavia 678;1;2
1388;VILLA REGINA;Independencia 45;2;10
1389;VILLA REGINA;San Martin 123;2;10
1390;VILLA ROSA;Colon 512;4;2
1391;VILLA ROTH;Montevideo 1377;3;2
1392;VILLA RUIZ;Sarmiento 34;6;2
1393;VILLA SAN MARCIAL;Montevideo 1377;6;17
1394;VILLA SARALEGUI;Rivadavia 678;4;3
1395;VILLA SAUZE;Cordoba 210;5;2
1396;VILLAGUAY ESTE;San Martin 123;6;17
1397;VILLALONGA;Mitre 89;2;2
1398;VILLALONGA;Sarmiento 34;2;2
1399;VILLANUEVA;Rivadavia 678;2;2
1400;VILMER;Belgrano 45;1;5
1401;VIÑA;Colon 512;1;2
1402;VIPOS;Mitre 89;4;12
1403;VIRGINIA;Cordoba 210;4;3
1404;VIVORATA;Sarmiento 34;2;2
1405;VOLCAN;San Martin 123;4;16
1406;VOLTA;Uruguay 1345;5;2
1407;VOLUNTAD;Cordoba 210;2;2
1408;WARNES;Cordoba 210;5;2
1409;WASHINGTON;Sarmiento 34;3;4
1410;WENCESLAO ESCALANTE;Uruguay 1345;1;4
1411;WHEEL WRIGHT;San Martin 123;1;3
1412;WINIFREDA;Colon 512;5;9
1413;YACUY;Cordoba 210;4;15
1414;YALA;Cabildo 555;4;16
1415;YARIGUARENDA;Rivadavia 678;4;15
1416;YATASTO;Belgrano 45;4;15
1417;YERBAS;Sarmiento 34;2;2
1418;YERUA;Sarmiento 34;6;17
1419;YUCHAN;Cordoba 210;4;15
1420;YUQUERI;Colon 512;6;17
1421;YUTO;Rivadavia 678;4;16
1422;YUTUYACO;Montevideo 1377;5;2
1423;ZANJITAS;Independencia 45;3;6
1424;ZAPALA;Uruguay 1345;2;11
1425;ZAPALA;Montevideo 1377;2;11
1426;ZAPARINQUI;Independencia 45;4;20
1427;ZARATE;Cordoba 210;1;2
1428;ZARATE;Belgrano 45;6;2
1429;ZAVALIA;Sarmiento 34;5;2
1430;ZENON VIDELA DORNA;Independencia 45;2;2
1431;ZUBERBÜLHER;Cordoba 210;4;20
